observations_1,observations_2,observations_3,observations_4,observations_5,observations_6,observations_7,observations_8
1.641570807630476,1.0942792369283847,0.8706482094809367,1.8133554593429633,1.3190098119492433,2.0356841308387708,1.9816072751007336,1.0745912830957032
2.0611625868921806,1.5182295509384964,1.1023674437612474,1.0990450135213798,1.6338474854615992,6.8795271037670815,1.7220037542330004,4.800118986143971
1.4674543443933832,1.5580354113679569,1.7583824009200004,1.5611309593769835,1.6102626367633963,6.57721817954976,1.0388798808575377,3.741336729054211
2.1049347949386217,1.6341295353145124,2.067314083760536,1.6516243680966944,2.2417567666051177,6.3980721341979745,1.9210840212020557,3.9587199040152914
1.4170176205647138,1.9785801116009072,2.1006727198422563,2.2739356684299583,1.1213835848084805,13.14620902784835,1.1789529513686077,3.6767051591564233
1.7484812240753929,1.6708495501187244,0.9713415285694165,4.483776915934445,1.9616062579354754,12.288151313198107,1.7711618460421512,3.9772510080102528
1.6068626680833287,1.4982260781541168,1.3515761078226607,3.0631851717009084,1.8827393200567002,10.661504433589336,1.7958949558126154,2.6021001756094417
1.2894015234508647,2.363946514100377,1.4935128589430402,3.2777463009012884,1.5292751059734648,5.99332360353516,1.8932697941809362,4.135997514978449
1.6310857059882071,4.019764839009316,1.4004199252001914,3.8177371539346563,1.1671437785807885,11.475445771250016,0.8698081896372791,5.032673480312926
1.3077696476856708,3.5883084500110822,2.7057064245873406,3.5800654366376197,1.1823484608756125,6.735598191996026,1.7995743074966661,5.940378386204554
0.7488140529792808,4.3665902166013595,3.0818521070846554,3.8766309301545743,2.2338528142261307,10.086652880966941,1.8260571639444994,6.085023181552053
3.5458455352479277,4.293344500252907,3.2238886541596283,4.216988389820539,1.5852041759623283,10.495770583552542,2.60506535504339,8.644086392964244
2.8285132351532525,2.8418567607951086,4.508197986019724,4.275289371697408,2.1585031892813724,12.899440308428996,5.582428899250644,11.488267420745988
2.866714258567921,2.58911992047331,2.3074066547629,1.9480708178136403,1.8035712685350092,6.5759211600157705,11.156161638935941,7.3268141982611645
3.9120100410549536,4.572640359267378,4.464520997766403,3.3187936251525247,1.1760742889543838,12.779810934188667,12.433462375024611,6.117278013243709
2.7545419382153966,4.443271655258698,4.059063923347729,2.9712923770466126,4.203161029376279,14.579278115504678,10.85586095819869,6.15649435494522
3.147423607356931,3.2557069796403155,3.9541604853925474,3.2844913615969222,2.3938856484482596,17.092663217413097,7.200032878380025,7.955008755512839
4.20904560028907,3.1012950370356496,2.4042202482795556,2.4811952110439304,3.2922393636444696,16.69242811383725,11.044596103325723,12.913205201295611
3.3353287115459285,3.0244159494800353,3.2444330459825483,3.313735458953504,3.5205879459672023,10.486838085738903,6.29710449732659,10.05302972202077
3.001353393725738,3.6343507730112883,3.3088059331814232,4.853690239622235,4.1202367867278085,3.7189356602644192,12.63866146541184,11.313479235393725
3.1845962995352597,1.6394906294528795,3.3663903590048285,3.486228479670542,2.793132158610735,7.075227983418287,7.7931307578292,7.79349145524942
3.3996983651430472,3.6061552975015694,3.0873925325000044,6.61964352911027,4.1680224053376485,1.4951156609408756,11.52187418484677,7.529619907520878
3.7406711981051277,4.601847422636332,6.4488681891034005,6.4477654586074635,2.8281723450615104,1.9343043664976687,6.460877424570377,8.238252759803402
3.1872802162027725,3.5021887205606728,6.95398573431973,5.844863492151148,5.079108613929275,1.3016796313948493,12.388812459562704,8.50183036785852
2.9337131750757113,4.250227776711299,6.556499287330599,4.429666396797803,1.3982520141322539,1.002109290758824,8.825087900902897,7.9278889282081515
2.0780608446299595,2.4322844201982488,10.16997646049716,13.86954834159549,3.2218096023930816,2.3030305687285715,4.709543187355287,6.4880281481701445
3.183426371020129,3.9935603340570385,9.106984622566909,3.7381240782921843,2.604044793848354,3.8434190104560297,11.84749570068352,9.694445643959781
2.9428152913905166,3.075836869640092,11.18360875009025,9.640438558245958,2.6531396644535157,3.408901294340197,9.778243284929651,16.65124194881224
5.579191624241631,5.8134378159148525,14.218742514052387,7.321175667319224,3.9762478974843862,4.927996772902276,13.139378624349455,10.606593683409148
4.2029984017857664,7.147959289625614,10.905693599444039,6.975031357680361,3.264940312615778,2.7129487069318365,6.394106944569369,10.97095331417152
10.83735182026026,6.147615284618489,9.352636061513731,7.3854714559271315,3.694160959991878,3.228990376466273,12.600718145407345,13.75827526982788
12.97674988245236,6.922426918429743,17.76066958489104,5.6323481220663645,2.8809365425227806,4.523572574756404,9.434083471481632,10.82462406125138
9.247361108139664,6.571257648743888,7.547911711381339,12.328009498036646,3.0009123455119404,4.2957160918022055,11.171596352741663,14.291209730448315
11.313717281798567,6.180239163267583,7.82415302167016,6.578686865374198,3.7435007962564324,5.3630759332280995,5.211353967427225,9.935702992045503
15.007873453931087,5.84727764523063,7.386439268442462,9.745974411836318,2.9468062209027703,4.548305450319308,1.3878652503629283,9.427394503110005
10.599608969167388,5.813454800040361,8.337114544848465,11.359331041616937,3.5117125360100925,5.758916249789799,1.5290407908659507,9.233664256363951
15.84912870672433,7.1210972367074845,8.2039350060593,9.522395360633617,3.8702817267849596,5.326356789769299,1.3202293752765417,6.772553648362585
7.9500803152982655,14.454664608070502,15.707404553873022,5.740305455393688,4.022045858141592,9.53190513523628,4.234131242480938,4.8579163523377495
11.183056302747872,11.181689378286222,5.7733594802692565,7.86877271379533,1.6481909914863664,9.356928048165088,6.537194569236139,10.039312629861705
6.5283920525156915,12.581108895160177,9.865625161960484,12.17862313385713,3.7853821423511285,11.84890994291279,6.321293027054605,14.216447928515542
11.731339437254555,10.773719678195715,15.77588875982816,11.028060762027739,3.7367746636615724,8.656799486158004,5.891577393194325,10.786242963995484
9.305396143210384,6.181565105485092,6.941540224512423,14.292950993169569,3.3533079460751676,8.321611282721118,14.38638979821776,16.335089582924702
15.437529255228046,7.823769118553091,7.983495490246547,10.705067612803283,2.3250288383488282,9.95594474268231,10.521658455911847,10.115314225732327
11.27951042522778,19.135861711326854,4.83488243909407,9.36664385603251,3.5820566173752955,11.327982832046679,4.660871664352165,6.028569472128449
10.181759635963001,7.33260173475616,10.4069134427934,16.258910254914063,3.6999198526110284,10.92849737605814,11.687277240239943,6.872427522941152
13.04206700327412,7.821365638798856,12.178679810172877,17.46793699579338,3.6868724177040963,7.662924700404567,9.560236179737089,6.178820665387871
6.612101289189312,7.77804721463005,11.886578671629348,12.814855772080271,3.776270083881313,11.405534933204208,7.575754688826574,6.946060922317141
11.879819954517327,11.605585444934452,10.29105285957936,9.275611612646252,4.197189494323862,6.728573368500303,11.063094910637862,9.316224468449835
2.07472615078726,7.622147992839331,8.489359575633049,9.242285402961286,1.8880429226813185,7.0451825995128665,12.883220015852459,15.202135629118448
7.281933341690102,14.997355423066352,14.627701217805647,16.544781987192685,3.2910646035328543,9.6857149074897,9.21755594647513,12.009411010522552
7.287800408631075,11.578353449681988,12.065368389004423,9.0738551550618,2.9927598182416837,7.357554401272981,9.524828764471728,5.948073933414964
8.962191761660037,9.9994720215488,11.555973175121977,13.860938539886565,2.759682313433837,10.536856511059955,9.93771705939902,14.237468490153464
6.815206042591157,7.396626280919357,11.576366814552856,11.65784441035953,4.081499522748292,11.775045717406211,8.230550714118028,19.134966263433284
4.456933390567059,6.034976684615003,4.681021204710383,10.638836729848943,3.059768835309171,20.439870940480105,13.833342823766493,14.89981906283796
8.028767657532565,12.135337846833316,17.788124399578045,5.930072553320187,3.4162342315954195,12.625452239236932,11.648576682810287,12.18402309033607
9.542992998827387,11.11442687285016,5.209519658054482,11.0845875904646,3.420490039029618,6.898875251476014,10.222059723157063,6.448392626445443
8.075727699376117,17.94004126450353,15.22055220977111,10.122610646130227,3.96760738115006,8.766434178007792,0.4228938995598579,13.766275813663999
14.796548298362325,13.15964337282486,8.389925796721844,11.925791462005808,2.998329692045848,7.711133825887156,7.604307652449915,11.036440408442765
10.259005319972964,6.697650097796405,13.95845509160969,10.652007427371931,4.4123969109966374,7.688134915744389,9.556588171391951,11.507681297301023
7.242952552058771,6.679048232966764,12.480276170056278,10.751561798444214,4.168544811553737,10.979696701775278,10.521985618617244,5.795784038248499
7.018778476436367,8.388704952703883,8.611976498336524,9.6047314558853,3.3429455610977996,16.028935892888835,4.091201854207743,1.6575439340802074
13.437007966141017,8.77052489259199,10.246458912849928,11.059579442240885,3.188986997512714,13.263525581572843,11.061625383441331,1.4591234895334164
10.046296920954923,8.749017795032543,13.45243182576764,5.30703264488703,3.902086178988869,11.284456980148335,6.648497271430976,0.7491394049185338
12.299764390777678,15.101875936283527,6.9644624451091985,7.403349682681537,2.03068989239868,6.530310756018995,7.371175668593889,1.0596781759519107
16.253850928734813,6.779956715432508,9.356129332913994,7.753286197468292,4.201702282524124,10.64869379758688,4.508714533934196,2.940532398420988
4.998068466249876,9.835518359393905,9.633096818364962,11.10239657745996,3.327912843365784,10.261334499617213,8.248949190163955,4.063100020177814
8.19870784942913,8.218813711175475,16.925339840384066,10.115025533747943,3.9563727922958183,10.30369193620879,11.179607219832505,3.2031289407913537
13.069735967331251,11.03213347088116,14.191885131988897,9.873643041462248,2.5160074317398156,9.008688781382688,12.44458788578191,3.087094766806665
12.578223219388185,9.016302321404247,8.273832106052328,4.055136103954112,4.120838472329432,7.137914535363542,6.668300305858693,3.1178924479552794
7.163883759838555,3.7690543836670223,8.763249909366465,8.848487355232017,3.604066005810834,14.122978190990167,8.098182317197185,6.106500559351652
12.256700467080822,3.2686210001095954,10.314757498937723,14.529840057049974,4.001726468865176,4.092859252185807,11.26081070839454,11.780295460358204
9.91931396001122,8.0200223851276,16.71862968746128,7.990193994988232,3.1191234968189843,7.567020624169729,12.321396580548122,8.89143983344146
10.187496141908525,8.47338674836336,8.778753727918623,9.264451646340088,3.540011181098354,1.9149751612139205,13.900375881280084,11.600385176679431
16.168267023360038,10.211954423033468,10.505764373284784,11.208947777121558,4.2713299166576775,10.928966876681809,15.222446633090438,10.542793882716904
7.832915319363281,5.588861881237268,7.672286986293848,10.257409774779124,3.4766615192827874,5.970862540987412,7.071055726983552,7.574846936908045
13.977419444458565,6.498908010007831,11.244309246526385,11.771774880256096,2.430908393848812,10.857530618287598,17.35375248800909,14.853437314886229
6.454305714428138,12.178143307772928,1.0134678007796083,9.634439510406292,2.8378404447416123,12.325301382468439,8.44070654244232,12.383722636151148
7.112063505651481,11.590729190045959,1.6814956339295488,9.040388799444617,2.860230635190188,9.36061414210413,4.15294513480659,5.837685121304336
10.012195699554741,3.251370463636878,1.9748547976462199,6.078834411785287,3.832030353797304,10.34718649372456,15.22299622647072,8.009870231955507
15.421138613171905,6.974635747303957,1.2758433351829925,16.50152602131496,3.607243158647476,13.914068969631376,6.77383226465324,7.627661693055902
12.779663312861143,8.228509562037456,0.8468732828559844,10.473222133772737,2.5420309437759236,10.258415772779639,14.672037757719814,12.143491263838538
5.53042455152157,12.997146076247716,0.8949579540512396,9.522121724934308,3.2918692228493516,4.5149617086111,10.477169032952592,5.525513498666143
10.498035265687847,7.253565786627039,1.2455894391784899,3.6895719177554938,4.503780987479807,11.433462052551128,11.179553265655318,10.567997904151849
6.346483472423319,7.734719664528971,1.31955768299982,13.140867396584483,2.7218488722532648,10.671961717562827,11.757816746313694,7.352938620415589
10.41196860557443,8.346606129188338,1.9849704091724103,9.434247450191421,3.8889492589736037,5.511457941016296,15.023483674220131,4.827276875883964
13.135063369932919,13.8186984035638,0.8728098869165848,14.07592548187423,2.3903875458630477,9.71942425758752,13.24504547121689,9.56878686931358
4.460632328760809,10.168804055402116,1.5315513949148691,6.818507150403089,2.256710318402442,8.548380326525663,12.0229836180133,12.019640383098505
10.723403491602618,8.7506701154126,1.0831915974941424,10.264219481816209,4.070110985768128,8.782999004535174,7.292368044700691,14.071555530997252
13.217646179888103,8.670754317821903,1.1158647908798116,11.73186185511372,3.744589749425076,7.44636907738359,10.52539507564158,9.502898024291024
7.392766355668812,9.503463975077203,1.3397555647396864,9.48815766529648,2.8200420994535484,8.646330461755724,10.88121267541305,11.856315700307501
11.149269257694947,8.108896319093297,1.432780156754628,5.423237315733971,2.898819570965861,6.889005839920934,9.305338262650292,6.962520691739037
9.878398724372609,15.437297717511456,2.0130420254947925,7.660089087058939,3.2534609082351036,10.288622397837528,8.0410907060568,8.91144974135388
10.349044345536115,9.649608059663063,1.3252925140006457,5.816566245068877,2.7626314731945723,7.73960041085806,7.3289230151555245,16.559569925065645
10.066777991799515,8.286895307455055,0.8911683533499293,11.06451433291993,3.534877141459395,7.047550315293449,5.813772636824389,9.325784545230128
6.6981220070365985,3.122120658765729,1.2612595768007022,8.045491500414222,3.091627934085322,9.86062951212315,10.40885596794038,12.330577409828582
7.8956288213780255,7.779768852543839,1.7235767568018368,4.700342210225706,3.3268805805771446,5.7342517063116745,2.1391918624431483,11.08382910693506
4.821055267932305,10.744891899289524,2.0003018236589885,7.034467896619013,2.75443665755572,11.072021349625377,6.595280273872245,6.391059708066077
1.2824463652640112,11.613173701331316,1.3460397865201035,11.834867726182736,3.6680366250132437,10.824511432735257,7.686734975535057,13.245328007815878
1.2094918378596073,9.866727355635152,1.9833135677703222,5.739135422492957,3.6959832388827643,4.306553992838587,15.974597012320508,7.25149141633182
1.033294309417526,8.347560015189561,1.5375620496321982,11.52057262762509,4.107648429980021,4.102628052637179,8.910502424347253,14.260840694321764
1.3779557071394208,11.729313634367216,1.1946912029054424,6.981879547420668,3.3325729782909903,11.470639977485884,4.459261273529773,10.238160136559276
1.0676496410805658,6.6044684788590935,1.6561534423093356,9.43094256782532,2.9298669113920166,16.370303627863034,12.944172086895115,9.90899483799485
3.1930688445127284,5.048013770446133,2.1104433201470663,12.426510717274692,2.9023138136843,16.40349704157841,9.209066807256441,10.612635786486091
2.8324537841886617,7.159651034007322,1.3759633551494996,8.700083366573875,2.499286109664297,9.999748733291892,12.22344322133998,10.14958024171544
3.7510798391031663,9.37060791356329,1.5835886770880059,7.058064257997639,3.104928808280466,11.124054033525084,10.750271629314817,8.552800057254892
2.7686887660606505,14.470228755259338,2.7020973398787937,12.61896648885989,3.937042102055967,9.6029665265706,15.098831260244332,10.43861723354312
2.7802524152175643,7.82549352376455,1.6221217595452035,6.007034841087933,2.788408382993442,8.846615696045134,14.88578066886842,13.117221846961773
2.4375270694762783,8.605068929105613,0.7852383146608144,9.57983741392232,3.7711003781977723,6.188803498233614,10.384966037566777,11.489622339941818
2.489486770933956,11.65795855201468,1.7293486594468366,14.86098270048663,3.4162376794306617,11.2216867859912,9.000936496068228,6.0218045538430225
4.91793698826508,11.726295715612128,1.4852474977469505,8.842082798569788,3.5541379173452956,9.942474049479792,9.44005423069532,9.501656390663552
7.398695676355839,14.901909945929432,1.0692073389775203,8.26181171640292,5.2801246156750565,12.169168417036278,7.77102296980528,5.690969805236506
5.522815734798936,11.505423685932858,0.7851870247061097,9.399537261754737,0.5858876283703314,11.935472506898943,11.044728066612443,11.90392811430964
5.592012743432104,7.605474400883729,1.2008496886046096,5.322128099105971,4.116799352459495,12.972374722435955,5.4083682455007,8.136046264684321
6.442564230730909,5.0921305448359035,2.007742361070102,1.5624164995452716,3.395100946207693,9.108588335504837,9.00252148253838,8.93047786461172
5.86430975470099,7.441143722387508,1.550942841342028,1.3620010204420048,3.3458969819031434,7.6617066784961985,9.49072002575512,8.562857438795184
6.324752406979165,8.04622278185948,1.5863695031465763,1.6811150345855115,3.863363545888882,11.748929830030427,15.706199199529038,5.358490533403163
5.12596195138444,9.91123704209378,1.8436608997388308,1.7089056337518809,3.321012261020572,11.210237963684204,9.822566456813231,7.425052669938733
6.8081639681343695,11.243242752751836,2.1620543590256514,1.018940911308336,3.9806749905926857,12.913056851403653,12.134871434558963,8.89029804570777
6.03149125156833,12.208565395524928,1.7524571318787672,1.7310222169171272,3.7989416231931887,11.845863117571277,2.191139754764974,4.246313798223547
6.3976328753246,11.84833758087046,1.2643620796063697,1.7998945853666406,3.2328510961271917,4.326189568430291,6.900589799712922,6.580276264790783
6.322017397707761,12.453616161289983,1.4637680822186958,1.3645882883563765,3.3589190709831005,8.126081283136948,11.480905406012369,8.520579859660906
5.340015193059408,12.173182851894921,1.375484173959542,1.211735571627628,4.059731605794816,-1.1538899646402925,7.133208120979745,8.364832106706302
5.5883201921833,8.92919727984263,1.9478378137375358,2.596197388174078,2.6079546391815622,9.594176642928723,7.5944903460450846,11.148068178179123
6.131393669469968,7.4142230763067545,1.4573688151399438,1.3078894467092823,2.201720654180324,9.6665164139396,8.633988164650816,9.231343580672824
6.608103288230293,11.392186914662904,1.3270660180493437,1.7395546398635595,3.9179299899043336,7.760184440535472,8.02663490135371,10.34584439008168
6.370649620964091,5.0634451536055565,1.2047979360477363,1.8543217350735954,3.711924572715466,7.21779442615151,8.409309736740465,2.7732667284667585
6.004405669364203,11.817274783341912,0.9278277271002153,1.2631127605400234,2.2835757695827645,1.9130171937855849,8.475103072903071,14.292301581182741
5.740028917185345,7.570251968257864,1.5247252251321157,1.0164153062742791,3.6082446810502766,4.542844469278556,10.47045742731596,14.9459523030233
7.061350850209379,15.471716015979855,1.6182755036960312,2.562542215444944,4.333837520854722,4.991034689826758,6.8524456136435425,12.289785822313728
5.499337543325392,9.78221815574209,1.845376772936584,1.0829915295642554,4.8838414088485855,6.107276315622265,9.45394501645261,11.30140961330192
5.827123091805813,11.162172418040097,1.8540274853284622,1.3503885661254955,3.5449716264625124,10.854019067172505,15.643103198996126,9.385918008388597
6.040780177953469,11.76478425269653,1.962749381606324,1.2291214737973792,2.8854044628522075,8.673630407310267,10.591503920587392,8.67806220691336
5.2317810311036155,6.614293253279307,1.2390203273920033,1.5361827033566353,3.6413112834112713,8.618247183379601,6.6610574460158105,10.869700683545918
5.845816830703065,6.730275620885763,1.0596189864444607,1.6672604094050207,4.167634446721003,12.273237441873583,2.3838071672091523,8.675468739164817
5.770885251939571,9.124155698569943,0.9677567855192102,1.8962425579853086,1.8536857984627328,13.278616785338983,15.496062739369329,8.347335312093385
5.395017980221695,4.313709380615688,2.072610001630796,1.6184142962976917,3.1342060620434644,11.28994788460312,3.770071833793466,2.3511219236060636
5.970631582891361,12.828946041968106,1.4291104173014038,1.7479889857928033,4.2473646270088885,10.468602052332201,14.441230086181896,11.018465928172184
6.91191756567498,15.05309061413995,1.1319600000987649,1.2124656788085808,2.4269219608625363,15.480771150851155,10.680540516031051,8.19585632214137
6.561857881662611,13.11390460608089,0.9388698550873862,1.3831353374814004,3.572271660256156,8.81497113110225,13.293950007480063,10.209710084123572
6.601066269659626,4.232811163148092,1.5370521679788034,1.4449749898524598,3.5616664057616543,14.612604073511672,11.89946732098257,12.3161260395575
4.751845288624537,11.563729172194734,1.8389931529057524,1.5087253937836955,5.261477899404838,10.463515720989744,7.81796014520943,10.895744098921341
5.614920188904801,15.773009958539163,1.7589573392285605,0.9910314447830437,3.8602599545909158,4.457910448657643,12.46250973968058,10.97669372989212
5.991799394280715,11.227885830592932,1.4339552482811566,1.6835385934586657,3.0639727614328116,11.056863267661612,14.593985360991024,9.269038127042887
6.334775118427466,12.877652401251972,1.0538816107430726,1.6909194194607498,2.4473033562986366,12.364015587167557,7.554804167892243,9.981740192804573
6.688045606973208,17.29412101300853,1.3868332162172496,1.9338097387336877,3.38029705747142,8.671969135383968,8.812599351273828,7.79567054851772
6.4983964485267975,12.785008117782123,1.773056986131568,1.5824036473727645,3.1577207538922085,10.638398728281729,7.164598625470468,7.006786656390972
6.813394226453479,10.881363348347215,1.3146512054873085,1.7862225477172728,2.2283215948953448,13.827063954898168,3.8719191505783606,6.278516394685511
5.194143394890634,1.5739059059177727,1.8371353733098577,1.6980743229049242,3.2578077241559473,5.125639983441108,14.409335215729904,8.805591897415638
5.927920964292948,1.45868983218935,1.2021689853048088,2.1673182284733166,3.0240409017854564,11.998651127830836,14.52829681165684,5.596237238594103
6.090217663883667,2.506066215509671,2.1171949592259125,0.9919797289674239,2.3357360025509717,7.41218493568924,11.216443617196227,11.584229154919253
6.010087592503993,1.4284703497821596,1.6334987230113338,1.2041077890533884,3.2361252138590384,12.10122276443072,11.063412010099729,11.554726430847246
6.119682345775573,1.8667743844303057,1.5052290444807337,1.6509411636865998,2.693935316979422,11.199310030430933,8.689157667125361,9.152541488093284
6.132618990934134,1.4481768869697937,0.8703228174137223,1.4673905263680407,3.3479341279532235,10.42435107516711,9.733256782818916,10.58969731477367
4.5553286735891305,1.2902591901893352,2.2075999301947675,1.1199061935469494,3.426438466243118,11.154238538493068,6.437944070573511,4.918340316049374
6.123295108587971,2.1110666784953285,1.9367579681616842,1.331346267616512,2.8574313467931365,12.046345450333884,6.920122838111091,4.076165014862738
6.7076459800345205,3.137205138051396,1.6783951193630369,1.3978520387236326,3.926225574215204,11.333291302788453,9.345695227363187,8.822091258320619
5.726687023747413,4.540442290971349,1.5079236108276248,1.3110025828362915,3.5081101129278984,7.841364379311258,14.61057016245515,1.2529788957953816
6.52504711305113,6.959787624772048,0.9760971644093317,1.5214993240383912,4.321166134316815,7.735061452069136,11.682967934343399,11.803491769392
5.556763731323791,5.874779864606875,1.3516161097612276,1.4814032542315676,4.6257463394479075,9.82079041774968,1.4098315408228963,9.866028381118003
5.517267279195298,5.960210580407001,1.0759181245368463,1.7150676787737567,3.1603398150511204,11.3451518206491,16.09726576806888,8.936797080589496
6.02442716122253,5.012179684700765,1.0272822945762954,2.0331159584261798,5.210629720504265,10.91469532324355,0.7862121907885484,12.608447554731882
7.067061486551729,5.505048460511837,1.2495650649671326,1.785002143837584,2.77775260048268,15.356220645632984,2.1395534225878237,11.609343522453798
6.813803727921918,5.365724355805163,1.820744676667056,1.5991205130964605,2.3588588226362166,12.636781965082658,1.5847920310750716,12.706627046699943
5.540892753197813,13.574998565962726,1.5599820839654566,1.4896302793296243,3.0143103366664956,16.17826789956262,2.508345192224189,7.522078380032177
5.306915524976819,11.886086591256358,1.85478266649665,1.5721254567151792,3.7225797456912293,13.350060300646614,3.518523636605501,7.6130493707416385
6.023668995032786,10.341322341045409,2.0742587571268043,1.1785722880832488,2.944378927603296,12.006204143192377,4.319650840288066,8.01001476060608
5.1753486328951155,14.16784423670763,2.1907296342060523,1.2797800498517713,3.4615684287100645,9.396208506501782,3.1953970926116835,13.710852864241104
6.0815207744767505,6.2257866520767315,1.4660276059961141,1.3925251144126118,3.599568292331476,11.582342867384853,4.043822306444465,11.777798395632413
5.477298416490026,9.368304359235413,1.8112095169157634,1.6974218213113357,3.0674265591694887,9.076540634848826,2.042344032143941,7.30837635343304
7.52566178456744,5.707456955173253,1.7524240315807962,1.4777885688702153,4.68265182412086,8.900927212603811,4.056588830427124,4.077197533959062
5.29843066541298,9.735277320077817,1.2359084836961998,1.5633078399242795,2.964594087615639,13.981121519044429,2.764339411613671,7.800857901450289
5.563875884715717,13.662408795385662,1.8803857860602484,0.6946656231835941,3.282404041041014,16.2255977644767,2.7142825507856436,8.615954101567219
5.301136968229908,7.559722617220999,1.1007152435443857,1.337850347808244,1.9427085809010176,7.346261700892697,2.7255676840937966,6.907863434839481
6.570954290129183,4.464326204825809,1.8686174436551273,1.7486556543941543,4.0516001713690635,7.990355688835056,3.2119318985968874,5.609548876468136
5.911974799944172,9.185817890020807,1.5658457181660719,1.1804908711518962,3.5235476336727114,10.640384153424009,2.3057336513226954,4.24071775761378
6.659812864839356,8.049412884900423,1.493704651045448,1.6772802295582352,3.6556522876682607,6.42249074649521,4.329980813821752,8.847209755657424
6.1318477925816595,6.293596269358648,1.2768754107922824,2.1135632936929323,4.294015825844106,9.490396980079773,3.1430292438977006,7.82814621222893
5.501025532773561,10.95746047819074,1.5319754976843356,1.2384346225159106,4.355397294570174,10.307041240763851,2.8748961901559085,5.059849174123215
6.480425971543745,7.506141859742403,1.3130459737512563,1.8284158936276071,3.1694815307601036,9.699202841336408,5.867188790198675,5.933796196516937
6.451815956437031,6.165418395749061,2.1891290746077505,2.021630482392146,3.6584772696032886,6.500820837882081,5.456617482469387,8.530640293989219
6.361766163651659,12.26174876835264,1.3818073504258503,2.1530516724817943,3.256878409092211,13.60539517572618,7.476991485155683,9.029114819500691
5.621857521059994,10.004142173976067,1.0404192555756655,1.3115965517421433,2.7229673532825593,10.502821780215012,14.570306525427561,10.36276930747944
5.531971815764223,15.279130491194302,1.8815355216859846,1.2378302208233016,2.6644195557339607,7.818150936335627,11.22934358173968,8.928038083054265
5.307820534042136,14.396954555423893,1.6457122954770593,1.2369905735682032,3.4363719597775493,7.167646009369641,3.0121523637979912,10.596385918863053
6.368087445665637,10.53505916571218,1.2117908466644618,1.5464898933836704,3.3333084376650834,9.776899865979587,9.67945965215441,19.06306891484622
5.987189372932679,11.78137836443516,1.9110134048245566,2.691076548248178,2.156937244105718,10.480974504385209,9.234729065328551,8.246563146415841
6.73442939048843,7.086445709996159,0.8758161974343697,1.1259233604525711,2.7177067646587663,13.099461423056528,8.230846236871852,1.6457528210546073
6.002538166187335,11.448476583647171,2.0707206626252557,1.8710940068144915,3.4644207599349883,11.258541034163969,7.118541367487143,1.7100345489292277
6.425324880044521,10.320099556111717,1.4069445773082325,1.4950908027989804,2.12747946206974,7.601657670921764,8.192251703770296,2.012430696111757
6.331098181831351,9.354614734031848,0.6339123128161184,2.3659065122948597,3.2888502031894564,12.678771788718304,9.51927209809314,2.446687682909868
6.021455262574488,9.74584166111277,1.0998139507031208,1.8160953819367354,3.2267033126732514,14.437844688272435,12.496120152935102,2.3609201695569766
5.5470947646268804,-1.27573912170066,1.0432288449215008,1.7936006795522363,3.545401072722612,7.754673242369563,12.34349947819118,3.6524581541792926
5.173849477311766,12.41851942286116,1.8367714495237237,1.0387043088616128,4.445459159728021,6.379183133292216,9.800262350094904,3.5966160005723324
6.223708185814381,14.659288318217389,1.5225371931270804,1.1814625728593722,3.146425310656886,9.566911367476667,13.070177935706894,6.4460315539836515
6.584962540125552,4.038890742824542,1.9540113897942124,1.2107612898198283,3.8970011369861712,10.430481017413108,7.598757253955359,5.969808965023123
5.652927141193224,8.351268321854029,1.3697718006712272,1.4078924852749513,3.236653497587035,10.487294539022223,10.157272671807775,7.34942252785471
7.837893381973007,14.711314148876369,1.9839323377082838,1.9175446028217191,3.1122106710913435,5.235644307966901,9.409314191035165,5.678413657763738
5.609463288717329,5.372663402780667,1.9921656470588704,1.2001352211120242,2.755723843267166,13.047118400358837,4.092286409932818,5.812505858289242
6.530095157475685,11.785400788820823,1.8032851730932684,1.3421816188559461,2.7955078814993755,8.663452559243488,10.06950314382211,5.779706620106968
5.530699046517796,11.240840408795584,1.0338700515292008,1.8329201903662344,3.6824284292563565,9.674108622233508,11.160175597676936,8.160023710795503
5.880145362984084,2.4957304664209357,1.4717698707493003,0.9626095498962162,3.4011734935328075,11.981223055053778,10.318682952678326,14.005787936495555
6.428665427112737,3.76676175909844,1.687174212734476,0.5324834204414799,3.081197349905196,1.9276106799547765,12.12927822233247,14.539464887391848
5.283224209766487,15.724745530523123,1.688755551114074,1.2128171208696354,1.376488952375798,1.5230368534858219,12.588990226540584,9.941524610358485
6.217595008941853,11.420084995246349,1.5366810668208757,1.0592037310006681,3.4073805783593496,1.5643778091042257,9.75319697738804,14.969333822195637
4.920340232053569,13.065969094935983,1.5992830567399317,1.6904514200917564,4.158817663946582,1.2308904208779872,8.403870812711979,13.544827330279759
6.600357887552629,9.325123725893565,1.8663711996102759,1.5494389712597876,2.636034397180209,2.158831982156755,9.914992061268379,10.789937893207728
6.2534858300839,11.483378576190947,1.089891902765718,1.1526462603082557,3.8432158616163843,2.2676082038648957,7.3347509501171295,11.056885421479965
3.9259835458183403,7.8350114290144575,1.545104128128898,1.9756642188698113,3.098723000519156,1.8132495080366873,4.774056979072181,9.716185232026294
4.961624145839565,8.669581554437038,2.25702576797611,1.1761970520183418,4.53287673551678,1.4978236706261114,12.124803965489665,14.086461184122921
7.676569786086063,6.228192597630336,0.7362220648464461,1.5102964771125116,3.6966923615850558,1.5736176852529073,12.937250925287952,6.279066460966771
4.878858539631864,9.109797880933463,1.4773253519830956,1.2784023381661918,3.632859480642388,1.0516561307024919,9.07432706455354,9.59408100246285
5.634823533276535,13.32528369466415,1.8066724058790005,1.3513463343376486,3.4073458645668158,1.7091525527638964,10.08049257370709,7.606292235390399
6.422830645838157,11.97232157578732,2.0377151901216095,0.7465838029801102,2.739639342030779,3.7402334674957487,7.856364249717451,8.45019662548604
5.350553673240736,13.757856300174709,1.7344427664288968,1.6624175184774952,4.243216591109093,6.602455797555152,12.201106309422165,14.0515082225742
5.733822528832185,16.088333056200742,1.7561936462575698,1.265371783468522,2.8947115185501566,6.739315981950817,6.144473384890336,11.511336223684768
6.462561968808341,9.439608889520454,1.0295070047265735,1.6129298854720435,3.0907382094119686,5.796527378651248,8.808411721517786,3.5431723377986337
5.505055040024647,14.51316030056071,1.2628977998575461,1.0081806837505756,4.1134735736167585,12.179085811614272,9.082714101147367,0.05903290272135919
6.698787112078996,9.137158166929652,1.7384586044714236,0.9730381114113662,4.149990983346264,12.746388176285077,15.508993241716155,7.620210220166943
6.135736850787069,7.923536479256423,1.6103149259352048,1.5604644386765951,2.846082075517833,7.282894851656295,13.34882135728877,8.658813861284884
6.0040017813981414,9.553936207579252,0.9114609402394436,1.8138025404662343,2.5831952610827287,11.640751813205178,12.624859972310304,7.441700512171096
6.604302223544643,7.7531127151364885,1.8379097729354577,1.8887928337790623,3.6714497900678857,7.306418952142579,10.03949232088043,10.212543380238987
6.413329062070229,14.327109112808685,1.9182311472418885,1.8627224517189642,3.1438761625578806,9.824466093491598,8.798910797366801,6.782160719179021
6.597784164225548,2.2582333644672996,1.4776202220535364,0.8001716041724585,3.159401643860246,12.413741550778639,13.2099053456812,13.133418498685323
5.091982588097867,2.0873462739838367,0.7115129902084991,0.9901082189471957,1.8253389957712152,7.999231199975672,6.61852492483667,16.38852878646992
6.733340185921961,1.4077640373599998,1.1147147764723488,0.6113857258181685,3.0420783987047955,8.467028284264167,10.93607950498047,7.804205749549684
6.179338127905755,3.6951474488383287,2.487531499039145,1.8458444825908593,4.28934098659504,11.82850671548741,12.07608827607006,12.276707218833824
5.621617857369195,5.689114035973727,1.4072095078350113,1.515778090724588,2.2986440500132694,7.292220719951263,9.990601829264502,11.06177098703336
5.941645187716993,6.217576210343829,1.1054438803049873,1.8940797653067118,2.7414498310268716,7.804542927933657,10.160592912293065,13.12474425632072
6.475802975261299,7.2881487905129205,0.7054800116234112,2.0490338245034323,3.6918987380406953,8.36728074806021,6.5014999426807165,4.627546997825036
6.385242990175016,6.3253431283751596,1.5226414168873141,1.3836272737433006,2.8586147592890097,8.836607822829787,6.54314174396529,15.486652787256027
5.336424566715706,6.50469021230829,1.843570049976016,0.8556025526656601,4.6941289214862465,12.266436808803288,10.50556072659148,17.108783268530555
6.278072239321521,10.442466430260527,1.4201146497408033,1.8651690115180042,3.8876106114290323,10.148087965233263,6.3170925879162105,9.763049112283053
5.508721597906703,15.247205837864968,1.7751143318267442,0.931199202827516,3.3990325146860556,17.54937028592557,12.60473815283321,11.634018095231944
5.470044475519991,10.958720536374042,1.9262599559714246,1.4096241989360685,3.1638187282717247,6.217191340601577,8.51289502169665,5.485157731459914
6.105578427293217,10.556885803334563,1.0730578632185406,2.0366628734734764,4.084261663207567,14.411157518025146,8.348799558614022,14.787248516282556
7.265301616054693,11.255698009847663,1.5292979728938256,1.3794224221293288,3.8716409034833834,9.66980461483315,1.7908241753616991,7.683080146516669
6.674446440794316,5.663370183688418,1.5164663428440708,0.9454063300284599,3.9451024928479885,14.542914663809107,1.3260666480195056,12.29499600727721
5.2797431602682146,7.159787027509211,2.445115565167356,0.8611223522743234,5.351394930690212,11.129804998417605,2.44813518565387,3.7687663598462233
6.982791982818199,10.881662624209586,1.0955934754182461,2.3934438455191795,3.580327321372728,8.553141959294575,3.0542150968010766,7.277655717052248
6.790803872328784,17.56465557962501,1.6770484143054905,1.5332443079116072,3.2173004306692086,13.536731692340943,3.03492920600363,6.585534949427167
4.393640708902019,6.531535952215052,0.5160457719491358,1.4612739786792286,4.070908780911481,5.016549552140255,3.187283872668928,4.673744111593372
6.589448326945497,12.9785480731245,1.9647952471487287,1.3444494174568256,3.146900696212592,5.687354507614252,3.211005237717403,1.5876861641351159
4.777110694777072,12.322772697284787,1.8864744417913109,1.6023393453295967,3.5973088238363164,6.6076364769037745,2.9540317110732275,5.766202772419305
6.000288740489392,8.473033593188529,1.3265610915686885,1.1349751253074736,3.10299265699914,10.065446752200959,2.354595165367815,10.768354679965658
5.560711239690281,11.366461273170053,0.5855083770982361,0.8764576531512542,3.5823303504418913,9.545189050533804,3.5056201824126507,3.5248088351106563
5.782826683498758,11.988810712866343,0.698475041952408,2.422009830992492,3.107512056669158,8.97316447929716,2.7483349006063005,9.377365044188199
5.923331290290214,8.883547522242655,2.2880535483573183,1.3290318536200179,1.2672463618199679,10.110233554316583,3.3280199999764477,9.01780533185742
6.1724583345253095,13.976434790494402,1.7238060349615196,1.8117469075180086,4.050686284767512,6.974135434676462,3.6629653041261037,8.662969910426025
6.3768129074134094,7.507282105521952,1.8759635201458558,1.6811395745713256,3.170255497919811,11.958742874460924,2.715806296936668,9.080282116869999
6.276160646278534,13.18395981627227,0.5042593662441686,2.1871748647900517,4.169568769703325,17.49596855942241,3.30228240028797,10.39247967525256
5.863176646009464,5.961812335686346,1.4898105834482323,1.972731890523356,3.232433970998864,8.179663282366445,2.632137334855546,5.131420620957751
5.476935751896722,7.64566805167977,1.5336198242450525,1.8214241975736964,1.5782349192728713,6.546833683996848,2.0620833549830113,10.07439308345802
5.943874730490876,10.794451886401681,1.004894449902622,1.2174323654743997,3.307208382143081,9.16125874082335,1.9989662442084057,13.239419889855306
5.55840658223099,11.260082905925845,1.6772539596099705,1.8125510790098645,2.3267834065987163,16.458644731431804,3.4663010789092894,14.67889627992816
6.017541526665383,12.257269001048758,1.9141865062571792,1.9455286684707929,3.2911340424626623,4.1552351841923425,6.787469040191592,7.813486183438389
5.521477308395571,8.74886205816205,1.2954724671866114,1.8322490230287087,2.9489403033014057,11.118444318714872,5.585105845266774,5.248596182782972
6.2736282776266385,6.367402377619836,0.766102463767016,1.8865710402377118,3.1709519067860565,6.354499922048163,7.094175305986031,15.39449835115979
7.300340412613146,8.878239715959051,1.7587274471696421,1.6704551549323217,2.7671236007273006,4.508015658006158,5.9943749301237865,11.35810259555819
6.810738135623019,8.030148217541456,1.2741991739072311,1.960102232089488,2.8800098134693233,13.028456767481096,10.08834042987861,7.750628058276007
6.455220828896877,11.494895054031531,1.3696477721163234,1.7158959575067634,3.3026203372385083,13.214934516069238,15.753633788543887,12.917627224189367
3.9908622072801307,13.800187168702795,1.5544604522568672,1.4918771071658394,3.818786700861196,2.3631262157394097,11.925256897148508,14.675198395105408
5.9522475674557676,11.445558131698771,1.5444257299861324,1.2223165428403018,3.5362036335334217,7.16181421394251,11.179639910833728,1.7707138666192073
4.896730312952435,10.94306900505132,1.6343068680531037,0.7847731334553831,3.8928965689418202,3.4878263929233384,8.702627930536973,1.2055487429003655
6.315078383089201,12.003896334574069,1.9810349766970994,1.4412648489106168,2.806125339365634,13.36144517557667,6.726028601927727,4.6040468197478575
5.787662090653971,7.302889816212577,1.7003836381265405,1.8255502721317658,3.0216895760612594,6.50354817885033,11.840569741610729,4.488478987897466
6.179396689597748,13.485474332476137,1.5156393518516378,0.7855967767665515,3.346227230677158,10.53782760790688,5.460866503282507,3.2777974088221455
6.097989565515391,8.48369700084585,1.1001680778865488,1.4929517594732236,3.0741515827440935,14.271207111163651,15.316088160330391,2.3267548367381927
5.451926136116143,10.827301870275878,1.4342302163094,1.0273851929595637,3.4213070437269604,15.55320462972496,7.436109530548208,2.915685176914687
5.654555851977314,16.35424103796109,1.7510460601508306,2.2921093547767395,2.4136824426990255,11.24155317617765,5.566520150424118,4.314357447742669
5.682780395962769,6.924145465106651,1.156083820614752,1.6160568084611544,4.2956316721718935,8.581201228323064,7.644464743097181,4.122878064871827
5.5611494505377905,5.716868940524016,1.4270680628129409,2.1656937573148234,3.9742852035856515,12.95987847695568,10.002356593864064,2.750673747231504
7.467465451050678,6.9431058258135,2.1276488321666918,2.4966304244935937,3.1856294664227764,8.582446002553208,7.489472554528994,2.331067698949637
5.822426215523283,11.15169722230085,1.072104926755454,1.6035920103802273,3.8911729733448084,8.462467602907811,2.1284374082600124,2.995233349087952
4.842715203782756,9.694922069914998,1.3433397618185765,0.9489097678937757,3.834847114515137,7.566468735503257,9.818318961880522,6.419050560530646
5.919766912755442,11.117424682472404,2.0760669306230177,2.075987661993487,3.989867646650154,12.913781719261848,7.488859986498543,5.605225340192952
5.8247727744719064,8.574158604723014,1.4744317102500233,1.6749616694675264,3.804102712243992,10.969269737154995,7.091709477881722,6.044511570508519
6.131258760609374,13.661839661520773,1.773934356903494,1.8680665488514023,3.1645791318234355,9.962092694992247,6.11558182240751,5.5959899580672285
6.499602342826677,7.314379164417339,1.2515522629825444,1.414841416931674,2.8563003176440294,5.01146933692198,14.09487007716561,5.563166860187607
6.338077207750214,8.50981185964535,1.14424697804251,1.5499489031267366,3.076140371973274,10.972704379007212,11.648048945590176,6.915659629935263
5.564324999850363,7.823848792855561,1.837758083597194,1.7838801172813117,4.129604516819793,12.088780236268445,17.96846797779804,5.862733748650733
5.9297035813528325,11.394188138482534,1.1265696469881163,1.4294296068023815,3.8156017149007244,12.960174043685505,17.61412190199263,5.362338246629594
5.232113466902142,12.66484314355164,1.7543077986852964,1.4264642844014581,2.9096085363737494,14.208055529767268,12.358539248377987,6.28913949390693
4.978529788407801,2.1213798361494245,1.04568828334971,1.584016124610276,3.5589823095865913,10.36509965341192,10.48793328933727,11.705640390489808
4.567862482290799,3.370682305985399,0.10028045158458987,1.5585632124263071,2.60934521523823,7.888294616895227,12.015759051570097,6.363302449996009
7.276441297668409,3.5289330016312555,1.8474225067671899,1.4328576127439998,2.7291088955158553,12.105650062857045,6.323107124183402,12.467541913733665
5.876538673914521,3.939380418540024,1.259947125628674,1.1565447216648295,3.308194236673888,5.787840920037482,7.110224564267817,13.763586632288213
6.120193665575982,4.310104381238514,1.7686313320851603,1.4277122914410594,1.9125892879021258,12.784811118410136,7.4666956476987245,12.610685409905862
6.082959028322065,6.2273733297793825,1.09307960640227,0.8842694038671919,3.2259780087006167,7.698683131308151,6.268608910915805,5.210276219595645
5.828847695544869,9.419546956313987,1.9063041561808785,1.2611201632916718,1.655972177807568,11.77004349641576,11.972051031362447,5.418505281206222
7.353147637395708,5.572846961514859,1.5027593804442674,1.5433459823681162,2.8924064280658595,6.526911658235811,4.869855932736812,7.415180261241051
5.841589557949206,11.419553058285697,1.2452383529871298,1.4020825009658715,3.221881967002007,7.089169090261251,8.178636230793654,13.482658894713765
5.660578474857228,11.23578583017288,1.3506128565969018,1.685216109174064,3.1320412088440435,7.545717551855592,7.3609535284760526,11.114480512238945
6.358651422341929,6.294566472139536,1.6771257688363121,1.4656961964007742,1.8891215169047566,10.59708775282203,7.081958438450929,8.526770630951106
6.862189208537792,12.721717858692351,1.8263525219830914,1.5875710988862899,2.955563527293563,12.221527308238684,14.323862847681504,10.206484943358003
5.698855368158949,11.934379698299367,1.0638564293881458,1.8596637874649407,2.9207039197540556,6.068513956186397,5.814354298290272,6.718095735553085
5.818455770911342,8.993462119064784,1.6543759214363352,1.6139121113289896,3.7286003812702315,1.3408558874350405,9.620826947893189,13.456298632954876
5.980789155733078,7.539069959475739,0.9087025040180556,1.3333364006057806,3.4635377656730526,1.3550271437074688,5.281116979973394,9.735321076926454
4.905894832712239,10.74161132641997,1.1015606941450944,1.865065429307414,3.1972212103772755,1.622017996220146,5.706346808108137,9.995264275892268
5.47071110531823,9.229411046090828,1.8416253842780037,1.9558570789965337,3.1346162178459753,1.7417981673524192,15.51753059838699,10.12331474588737
5.684096913159127,6.054356775699148,1.0298986084301216,0.8369183809771421,4.072041800679862,1.0487524310670313,4.993175032446754,12.50110714419002
6.073556628884347,10.337058385501937,1.2903362359402362,1.1851693055085715,3.7342056931873824,1.3963807927429688,10.681984462675683,13.928876598385536
5.729773940670835,10.6135118098288,1.8472038125810695,0.975712120516766,4.112163137712805,3.4425195454926243,11.777906024967216,10.69623663812084
4.9264181410472325,10.584959228310389,0.8193817236930752,1.2610447725654197,2.9635558898832155,2.8625269978017513,10.1424078888579,10.437012085678724
6.056673679659049,7.596405809771479,1.7457374296053203,1.1874193404771685,3.066048825174729,6.43415720813293,11.733121958578085,12.07520963905656
6.0110279827379784,5.698334032181428,2.1461305876931753,1.8285825985429796,2.353703609684535,6.079633098553906,8.834317781248373,9.005418638236087
6.593205307734959,13.840493611622069,0.9931823838692004,0.9235479936376105,3.3940856083451685,5.522654793402342,8.897995311064992,11.704110599912408
5.457075874949265,8.026282427684318,1.6092966656330088,0.9846322062790112,3.9971870041113764,5.411023646456339,7.795619625958889,13.649141449873905
7.043771261600025,12.585381167653715,1.669671250551394,1.8306886757494514,3.57971808486659,7.096016435884334,5.235519132002928,11.202368823488204
6.537774383925889,5.904242354132663,1.7506615419405236,1.5672999100335598,3.3018135706920404,6.044768384136411,2.2040028740188493,18.18385956145985
6.409205802093361,0.7593658572172473,1.4803721736826034,1.6698220928889462,3.142863261972842,6.356281409078388,0.8246695918457139,5.4097631316805455
5.358039801001439,15.502199402383852,1.6420136399595844,1.4383775674871089,2.802276845454996,6.821099086206189,1.3114925688571848,11.097398231326931
5.505601039869962,7.1666968733836,1.1138312177661938,2.045795184375878,2.796935299330393,11.155808726170022,2.27054974149077,12.349240823968888
5.0037172228248785,8.411068001316838,1.8984685981342722,2.174661369872428,4.802006657132395,19.04559234347861,1.1986938956641016,13.146205681507013
5.930143354554204,4.816045793051529,1.1301140985784492,1.4025279903421808,3.785335145959335,10.60866314436677,0.9749279786381244,5.7649101970772705
5.792982251124478,7.650892074857005,1.338146809447906,1.8815772431917726,3.0971837998473397,14.12391065795417,2.068345514528378,14.300854605777609
5.8738182559912815,7.160477085686338,1.8153489705556645,1.790039482208666,5.312027446032964,10.63254030163504,2.7870182680039317,13.102155069553717
5.854332653299014,12.089572288147373,0.9461485403221328,1.4349940907705285,3.4011666536294847,9.656955716388008,1.9917284162046407,8.164211410112795
5.608892421121183,12.44790499063123,1.414566389926076,1.3997613850669754,1.960187292212776,11.512312080856624,3.7814150494541234,10.584822503955419
5.906419696265896,5.849825057389342,1.4202587572027756,1.4060996426380683,4.0888285660895285,9.891145413784898,3.8613838001032157,9.672037523861096
6.3238431453880075,6.598091090018016,1.8770937380058523,0.7146542825045561,3.5086687071543956,14.761465848800661,2.7907221358780276,3.6804418603789486
5.702167409112995,9.755002441569001,1.0545837291473728,1.2495589375112193,3.3172413173737034,11.561280081040639,3.3414301546654883,11.78507900177614
5.820003596806664,8.204843556593797,2.0300978402083434,1.22150935638785,3.9041636196014338,13.33891374781648,3.47204036436551,10.038111321058452
5.793550345992944,14.574741872596363,1.2862243575038086,1.3103771263866442,3.520104607728957,15.288921730136629,6.793377466477494,13.126692561411861
5.250659657751736,7.021076776601198,1.3922580297959293,1.6204946986767723,4.584814771454312,15.467686673285854,6.050570662621823,7.695475995148691
5.845177058715205,5.01977961706266,1.2052966530214917,1.3080065968541756,2.385406221389456,10.919595804864311,7.771217811067359,11.698697019914043
6.602738804390409,13.57468697640413,1.7699861659036795,2.8840836439054396,2.0498757919074944,10.629948976822408,9.244610331467811,11.436155986347316
7.309529492780367,11.563727222704475,1.1795947892939616,1.0941328808082353,3.524510689457374,10.460435336725265,7.740722299271969,13.49751835757056
7.5862396352827375,0.46389016679781214,1.2970770257865976,1.11839887236715,2.596551486551462,8.725223751254038,12.674750562535788,9.545577744620907
5.998507695338784,7.6918941105347685,1.5183635343807964,2.3728704652563177,3.186734710091139,5.570030010235801,13.508842460642267,11.535892881407971
6.110105508956501,1.2593431648221287,0.8289323079596542,1.6932579560097398,2.8757352098356286,11.060953076614453,11.669452150796602,6.758780666026219
6.363923463416739,1.6324783506372835,1.7391581407826635,0.8460801813987704,2.532707288259962,8.027379703703044,13.251753508139043,12.68612642901224
5.292737277872227,1.5348683190102363,1.4938084116338484,0.9795702151780645,2.849210744984765,12.471993304747816,11.417494648928763,7.977907763545382
6.091453165502976,1.5178302743909384,1.4417337373089474,1.6922969381355326,2.671225171183414,7.053124883401956,13.601875342428212,9.318117757228126
6.733551073293462,2.6917744600462488,2.1057356994728984,1.2510212587424316,3.643672941160462,10.836076328989268,12.261125620933093,11.244315354022955
4.905399867513495,1.6444744165707341,1.2561589585668482,1.7279271691006208,3.4815449449297002,7.160981246948651,5.40453389091072,12.371095480285803
7.184917665730584,1.0597316672687782,0.9624073459592264,1.7725051348256926,2.9755023039971906,5.509174528783355,8.038285299081505,11.217655396506839
5.910615672661102,1.9593041374460967,1.1227239173477717,1.1485826451828007,3.2181754943723764,8.206579376025601,6.592412589639661,3.2005795486764903
6.319372105060804,2.3436751593937952,2.2195091182297944,1.3844814420872762,3.6840561714171365,5.863139204406959,6.832155171883439,12.312693442198565
6.159940437484728,0.6590393709446776,1.1531772355781804,1.9742973800759618,3.7006189537104834,9.179696053475261,14.803329657592137,6.212986883282831
6.500433056034424,1.9218680650464002,1.0150665348054595,1.3738132691377754,3.6833527331559957,7.254270498748657,8.3563037670176,9.811854719222943
7.1887690652579685,3.260820397638591,1.6454790498898237,0.8862895607372963,3.078477669667052,14.63029624824188,12.036061858886605,5.965454055450046
7.149842219837204,4.641704399298202,1.6658840895075873,1.3772685038709582,3.0450884387086194,11.178587128854751,8.70658398042562,13.523710540811155
5.572330289896822,2.4433730647997898,2.4301398597533233,0.9391736904611978,3.595408415551196,10.81627121224792,9.46287622030314,10.489162228283181
6.364946898148592,2.911193144299384,1.6561509435844872,0.9423728592552383,1.7308932116341218,8.24768178561527,8.181594096932923,9.646210988207741
5.737930327897793,2.529901223243879,0.7044065442993084,1.9710982787154272,3.7817992109038325,14.617004548837475,11.317833481447611,9.093598646216943
6.5240062796393055,2.8921354212836405,1.1010488489252683,1.2144123469395822,3.3383050125647244,10.97041984810296,13.498687586071096,10.651885481696361
6.047315556286531,2.6146346839136694,0.8969342615405953,1.545569632057818,2.4145225528923273,8.328918042580373,9.750422643023011,7.204364190615049
6.371327205847173,2.1839682697519596,1.4182717750511689,1.306765954180646,3.6543652599597625,11.23557586862158,8.864921230278991,7.929900746627048
6.949207076872973,3.6548934697468844,1.7462279148327493,1.4271344324855697,3.0895553625405245,7.627612212995647,12.659730225229051,8.594663265488467
5.704248068859261,4.283798883918308,2.0085569795394456,1.7359518366476383,3.045350319242356,10.480317608120853,10.952979118479835,8.407064455286203
6.191241051169843,3.1515053239164033,1.7185506712903393,1.6678768875764032,3.9729760812816135,11.75467121022676,13.928761641299417,11.533355080428105
5.916153668568398,2.1269599583790537,2.0567668635518714,1.200305219866852,4.045037701998368,8.495237708283401,7.817266794606262,11.811265863129627
5.946591299018923,2.6116579626779703,1.7038581513804871,1.2096631035485057,2.3303498204244555,16.308774119450085,11.569053576731992,14.007021555349102
4.648918323202089,3.1379222623076366,0.8513161447361561,1.7711611066811024,3.533772104462704,8.445312147550418,10.072932875437147,13.963602146429828
4.21537663818107,4.27404076540633,1.0553804662632107,1.6070538583390395,2.8729225453554577,5.057542578811596,5.488544264269024,12.263963106477725
6.090731701519147,5.329318455927968,1.2956937579998034,1.941558442861778,2.727195755349184,12.568871507672341,15.428755506396403,1.0077680357965892
6.016641330151025,5.574141674330942,1.3743354789072768,1.5806596524823338,4.663211988931412,12.231549074821189,8.372370615807448,1.8414847575717044
6.679129751111866,6.692179463392868,1.5594343368206207,0.6633100096745235,4.28189978960383,5.899450895098074,11.843818256770717,1.5289766600287926
5.8145732224723155,10.42414391022464,1.7955461190057314,1.8334394225483113,1.7076724069748863,9.937404129935501,15.905614466299586,1.8083336823337248
7.867666197352371,10.03036147712594,1.2584094579289555,0.9352828410124499,3.3827662145108217,13.738665543808882,7.967767079219893,1.4175660454215908
6.275415063277464,8.291154226724675,1.5856204856287714,1.4414913206100337,3.3790460891542757,14.6465164903788,16.16035729930053,1.6756114205531247
5.368007841564797,13.065457320147821,1.4931553880359232,1.6237311682957696,4.439190337731802,9.984884402375432,20.867831625862173,1.2730621315670714
6.357477391782648,3.7274454749413604,1.8231502293166155,1.9797763989786041,2.8660788205305234,9.73342446423964,10.03742657353228,1.7260898726937555
5.168367532459683,11.401568961362315,1.4661011262282795,1.3755376066883844,2.9887524306774207,11.44925187537417,8.50720104266803,1.2501641759083562
5.779667665310651,13.17357245881264,0.9515119202908622,1.5132817689024964,3.74754291186421,10.363304033194662,5.655902173421762,1.459256830900408
4.687738856128547,4.931669046833946,1.6610123671486505,1.0666712837575876,2.705823229541796,10.866936061285632,9.428684975591889,0.98561810450461
4.948939874582177,14.543543739209603,1.8549857924832782,1.4523647616507684,4.727727966518085,13.021666545426296,12.04921978086005,0.6043469280629417
6.72037059919484,8.981935642705817,1.8742952012042515,1.3320964906430337,2.9124374587394204,11.82594602373057,6.922032238505171,1.2690988281576967
6.722542724768896,8.358804824350813,2.222064662316546,1.0856574092219944,3.5633905949086486,1.121592969711564,11.619299727000445,1.1009688868676033
6.107640420089041,9.547146737734089,1.0242480271537406,1.4721602537492995,2.8473016393425272,2.6521210075187707,8.997516387231872,2.0665012536590712
5.425779419109329,6.426726978533491,1.493031474488678,1.2488015764892086,3.3424028785600086,1.1708364716735513,7.206531859681004,1.6968842854242858
6.299324952954041,7.732175681951681,1.2036098223850917,1.5822052127832116,2.6308841712103117,1.3547522388396143,8.6751088651293,1.2532606837434663
6.22058356829319,8.301849412652931,0.8419222849197858,1.0454284937104017,1.9738246219389843,2.0307712562741926,11.033824358800103,0.6732548558718037
6.018740494461177,8.062944709549075,0.6898296243924928,1.9073128004114643,2.858416238379627,1.5909895559054803,6.634593229510028,3.3653287394618285
3.612715268712437,5.457654820601736,1.7617768715084523,0.7179012057845195,3.1604975025387976,0.9946559914265727,10.403616235577093,2.903223006253249
5.394998440334209,13.199722140448412,1.6447660622025193,1.9711373972011277,3.361600487208939,5.025186534273672,7.943476237471398,2.9974916063876105
5.750992142030743,6.142752073446001,1.1590662994228396,1.2237175289510045,2.884492215262192,5.082712935351356,17.281011795575296,3.2049532795491196
6.1436917356087335,11.639524559505613,1.2305309526482944,2.0931826026745046,3.628451081196408,5.993061610982156,5.475883016420976,3.208234990517605
6.767577684280155,9.294779468716868,1.3402424103566073,1.073304048530284,3.4765338005768296,8.650421826145891,11.582329004631731,1.7976992526379156
6.488222587121221,13.122935066016503,1.8127897534869337,1.7095665284731165,2.00235112712806,7.685753433577609,10.845951285122368,2.3750794727815716
5.296360717352343,14.245753499341063,1.2241246958899321,1.4042320961193528,3.7902402490634604,8.4194592901069,10.40973297027709,2.5296723930616007
6.637740273823173,13.322972655496237,1.1060172707053155,1.4252495597782655,4.124554672012305,10.92341248325016,1.07529742326148,3.100872180432974
6.81086037790849,10.021695799442387,1.6190469771837392,1.0135676243439686,2.4651304637257834,9.305460056795404,1.3873236207930582,2.3445362017061377
6.0142527032109,8.482588690492022,1.6944734776772048,1.4633057226506079,3.332423350448524,10.40659797957796,1.4134175093659085,3.6814938196403055
6.298589460286369,9.437319446667928,0.5186249389154352,2.5831781607221007,3.9605832474702964,11.36977502424321,1.5200391820163315,2.461767675503401
5.9627075282080355,18.274642697408872,1.4015588286590557,1.338741312812548,3.0228764098502037,12.710914928108242,1.0746198440737977,2.3297693698552884
5.627326453884198,6.819967545343072,1.5296830944639694,0.9750586872020222,2.9123854485685072,12.264424667742649,1.9311566261282458,3.362107811298859
6.338296596123605,11.05388204930485,1.4656993537905336,0.6340423887607116,3.031541166911186,10.826609540955701,1.5025854491024209,3.3732859475464156
6.162582890858982,6.742659895657624,1.9895795488330208,1.857624034149806,4.472748273960942,14.001016019479465,1.569272593706092,6.850122036744349
5.772565630956546,9.133602777518181,0.9856987496557768,0.6718577016186718,4.018905597010509,12.326764731083763,0.9072301638501479,6.487526610127372
5.8962848419042295,10.758609159344346,1.2384719702411964,0.7395293300240144,4.345053929603381,12.95053263150577,1.8317051339557313,5.3536857677641585
6.733545267126058,12.118918229684787,1.4937352418843801,1.8988157955702576,3.809521371984159,11.65000370653383,1.8022280314353942,6.424893330121453
5.854717459576154,7.906580121562989,1.7068881908771445,1.6050587123121485,3.8853074311216353,9.270581974444298,2.0934834184380247,7.659408461473383
6.171711021879165,13.98774020241386,0.8477957611142113,1.8034890265537769,3.3453724639208087,13.0247780984277,1.4844577857139694,4.558510916808395
7.1671025767479115,10.049903099626281,2.034916779717568,1.2170207864292681,1.8346450100814167,8.77025374806302,2.295970721115827,5.687035582614207
4.610802171736356,8.204821338835405,1.3778103460706248,1.9973055944845353,3.259787241539428,5.82181318039283,3.9786831591093,4.79553791702531
5.567783908196521,11.510679456090472,1.4072760291135769,0.995098800630668,4.5641706691734285,11.147448894978645,3.0566575648470433,6.931391672066919
6.6642856899248315,8.62194686325764,1.4385067733788688,1.1412426846235597,3.1322372490592763,7.805422282609321,4.493491134511476,6.024757826267589
6.11489594950201,3.3271254197809963,1.429315113240392,1.2707647083402769,3.256361647899338,12.07733977157045,3.250904749211667,6.985370157883249
5.340097089897355,7.799361608983862,1.9368584476688486,0.8161895826568912,3.467847951491514,10.063111668370414,5.764875723393089,5.874241903906672
6.242330017681365,14.379539313277927,1.7154854220514952,1.6490518972222912,1.4134397086692552,7.085464298903229,4.84683246481783,6.437198659746542
7.408157216833207,14.149553416449727,0.8867310729087325,1.9704098462681543,3.5083832523014618,13.163027070908939,6.021769360682544,5.472688248173412
6.400119233287093,1.189966101017788,1.8817360140897943,1.3401471393988924,2.9472554749167994,10.077248606839781,6.5452706962935245,5.253269431279975
5.814528491743111,1.1316494272553204,1.6978515619037484,1.4906315696180457,2.7467035472093837,11.859280925680164,5.15815313504871,6.032175101580098
6.531562826871976,-0.31010460075702007,1.6372547687454624,1.9463728766539603,2.6186165163692436,7.717445747989231,4.987007616862833,10.517575272835717
7.230799372906521,1.3700750897353782,1.8726937258237086,1.1483515571828473,2.3327048379913204,8.001957567559732,8.614491265375477,9.79560213691796
4.928969417984614,3.0650504651509376,1.1176875027316164,1.3220189080518434,2.6401297627470637,11.893332097483963,6.567408160050963,13.006374478153383
6.569323330446821,4.09656431938992,2.0064349802117167,1.2081741233520624,3.6489262745479536,3.8297617350774154,6.421308152252749,5.851305815334658
6.277441948308656,3.6625352591281644,1.7083712481976967,1.6706326974323886,2.0234057549516766,9.564022471806371,12.395317765296799,16.460029407568896
6.982725081773083,2.7767201058486144,1.5188668854535887,1.0557512724633007,2.5753571278118805,8.830941776901756,6.748073864355678,8.353158528079216
7.3505223233448405,2.8218243409402195,1.0898897064157005,1.6414131785299286,4.230570016909528,5.576177836885613,11.379013241987487,18.00347562279101
5.606520934185941,3.531917626233092,1.7744806780225115,2.279290934527314,2.2219453723429687,8.101489811255448,9.126252720399137,11.783285515976445
5.605278942829866,3.388986924611432,1.1908875329137043,1.2563498363457057,4.084731602416017,9.640808464447037,15.01042812255709,14.144116458803762
5.97774813455397,5.391853230235501,1.4195480145843646,1.7725885143459603,3.15055508443087,15.759023036448536,4.233625204523424,12.123168735192618
5.710534023513315,7.482684822873651,1.0115838597811955,1.2828371528267244,2.2950231827918603,3.9068006140969995,14.18549363400885,10.448482935596129
5.376861431336383,5.404134336142423,0.801856564381696,1.1715740159023191,3.1879627958154817,7.587903797400973,6.296668007761404,7.605839552974203
5.399367749138957,14.807584788684519,1.7791717529412168,1.5643934215838566,3.4514255548464643,10.744360682302261,10.63631742269001,8.062541293684124
5.250072129431512,7.827005607093589,1.8110560184619366,1.41643686504605,1.9133298075502605,8.855313716442929,2.027800508548868,8.292994541963186
5.182438411687251,8.359148079528936,1.9453755879356258,1.0866110451948519,3.5297156611664846,1.7344941674941872,11.781647506282194,11.441645341250023
5.671008855649209,15.00361290661045,1.9030440100710582,1.9040491173019074,2.9628309521946097,1.6372164810204062,11.248499288247679,7.724238676587699
6.38047704112374,9.444286981068316,1.0496674506297712,2.011445232738634,2.0159866103154975,1.6285319687067457,10.113392176862973,7.695110353955879
5.114850826564506,12.709693190931205,1.8622241774298018,1.7220874384794982,3.5289944151556956,0.9406703430878114,10.200187151553823,9.006216465100959
5.542618731266209,13.605299331612837,2.094976399399158,1.6224073421845144,1.9014690216481416,2.9771223932577318,11.57682767607373,4.829680466924593
4.948127974563985,7.055090350252005,0.8094218514777083,1.038726760571862,3.981844666128758,2.919950271846149,13.176725614706488,6.82695781524388
6.541680060738887,13.777348173443588,0.8106384340377364,1.4691887309925633,3.967300929498924,3.6903882884130805,9.735302077202721,8.064217467297428
5.328471641505857,12.473696158434851,0.814507081936128,0.7609504922030581,3.1882323109608954,2.489433623740574,10.219910425521277,11.043117656991019
5.99526226316868,8.012836189085672,1.0246938541063315,1.1035506598426554,3.1806753087405664,3.8115508039273642,11.322456796361841,14.28774286735089
5.679381070250884,10.281815370163368,0.8237347520269154,1.314522168582,2.395549905078587,4.340260627553807,12.221970912489173,8.876548287703208
6.244733145095868,7.8806145179910345,1.2940157426683996,1.5027461892918552,3.5709563060541036,2.9733015551381676,9.202205399615096,4.8552744955564044
5.842558707956634,6.917528531031717,2.072570760724105,1.8368280951638845,2.9514536271667993,6.254590183922925,7.7650164922020934,14.008624977957389
5.016858788874934,13.17997164682544,1.7139895107435237,1.8064556082052405,4.746193650735371,10.303460515924009,16.59091226906846,15.233661341190157
6.505839068335838,9.070883802175263,1.6836613591183855,1.3398389183802522,3.1901681858475754,8.179505298112066,1.1459426371486163,9.205528770168751
6.081107158525445,11.28554290982564,1.8916563972915963,1.9142551862941204,3.2291723277152116,16.305633031485414,1.7894596391358437,11.435192832564045
6.515747981060361,14.881315422381661,0.7726009208848872,1.7647711986762769,2.5769168776635016,6.213458878355208,1.6688708551549318,12.9018200711984
4.953244812894841,11.418673941252923,0.9193408247173487,1.9360531739785447,2.8691777535261487,10.674529402735324,1.6543147993627727,10.469549969460815
6.201101298581381,9.807854250603452,1.9579812225643476,1.7758190657377977,3.8233837277174256,14.100730484119168,0.9301842444623034,12.423493434643547
5.378093688103441,16.658324148225248,1.2006882587644263,1.1611814112087284,2.7595807761193107,10.743106529569928,1.59388190313601,5.779055663214017
6.738915628998853,12.28903556095521,1.681278708520784,2.01425816538214,3.637224047734522,11.797529511511875,1.9074810385169716,9.679609204424679
6.4989221796586705,14.25471753420915,1.2768403032331648,0.9165950599446422,4.203505596040394,12.637249371109665,1.0950579876596915,11.46114729903005
7.4538033144459455,3.4376205700130065,0.9272407518578181,1.1676292522692506,3.2641545548672113,13.277896011196347,1.2195982949772244,7.807794400009808
6.636373946986492,10.911495535442736,1.5751929867025378,1.4020346138719724,2.5992267102855244,5.996655537365786,1.3841877082623792,14.129248321358723
5.841816932384074,12.411816827827838,2.11820447421095,2.0429714926068208,3.1178091924725404,10.98909009098741,0.8577130264739754,10.84811670543094
6.059456795513761,13.129865528866915,2.075703625484392,1.4003485863592378,5.507869082782484,14.87386807311714,1.099745575536618,6.7952034277347835
6.632104972607909,8.78237875823833,1.7901424864216136,1.2936509964809328,3.0577253291482958,7.533350629255629,1.0979999293110048,14.179643608331425
5.682719594921426,9.207279982777429,1.6310368028669675,1.0843507366036622,2.8607689956845164,9.113628264089247,1.0313840113034765,13.135064958497459
5.872195842917595,15.308665335695544,1.1927165330613647,1.9918503747072887,1.9924439204907713,9.483819158029672,0.7309679612941835,10.277598503202142
6.309286646586521,12.508492660813339,1.1949811074454448,1.7401635520865995,3.753018259675761,4.475128905030434,1.3804057895599762,8.709059443889458
5.938294089591675,12.737825129855764,1.3603386829047999,1.2127387096243005,3.3548471282584753,9.307781151234483,1.0379110161562242,16.152883956739004
5.98372302138392,8.419935526240486,1.917485434254214,0.6804014623831272,3.609749282188032,11.47946122488598,1.6001370779642645,13.574031549348334
6.413716774542369,6.382119652361396,1.3581553081437736,1.1117690859942702,2.6793135619508046,11.279105419248506,2.661650230190215,15.977663583144388
6.391013631339639,7.525771410771231,1.1978820738146823,0.54756196268848,4.025539101636475,9.885372958461382,1.2828757261004977,13.837460417152169
6.887707499843685,4.597537653044974,1.5541965582058648,1.5062554496536489,4.638607686714149,12.572084106919611,1.292872605855342,9.26724244364426
6.415938883022271,4.858652633236403,1.1492748745624048,1.1968210422070644,3.2994013747529785,19.375000232585545,1.4676890775201805,14.55926921783541
6.018712310373875,18.476575201656367,1.4503365867759808,1.7538306133846326,3.26303842417712,6.333339356033559,1.6787575468111093,11.153453806848315
7.573213084807275,13.124582728162778,1.3621174446016049,0.72430216493599,3.5104748387912927,7.189585070982595,1.663659261832798,8.39024151452561
6.086041936168471,7.189455898657325,1.4937284858287576,1.1654304511373397,2.5443545582133993,9.59424323503837,1.5353475746673393,11.506011189843512
5.8012123399732545,14.42541535024187,1.861414588420688,1.3658289426546393,4.180887263741184,8.619419434874537,1.2794693214926234,5.272509761484624
6.820958436717763,13.12505491451525,1.7197331722606126,0.8091959157549287,3.9224858904239515,13.93971318564893,1.4688394558777471,1.8098548417612506
6.3599214007513005,13.11344171094293,0.9266696460595885,1.7361395428417836,3.2523993311001593,14.043669263368884,1.6435731387928367,4.792202134746233
6.1111825228549215,6.3154232718573695,1.6576247616319044,1.1914289656297505,3.236287321175494,7.424082777016544,1.7024750161417792,3.5697534713249475
5.987402736811163,9.429482571708292,1.8851684350575564,1.5670080299261073,3.942000501891986,14.85443648263724,1.8591984241857311,3.6680057328231523
6.537099616160148,5.4160973413712625,1.9069538403169357,0.9099065583625237,1.9360314478409713,11.23211200059432,1.4113730677124003,2.9260827754264884
6.405439841366132,6.290761105642872,0.6697026068957062,1.696652830417694,4.1785403160124375,10.988058891267016,1.7447093159422664,5.247461015826136
5.644131619032464,12.258737780601969,1.8508072217506424,2.230550653532182,2.881704791323653,13.310707084607689,1.3052855191978114,4.545489691312518
6.1332795508964395,13.29020660325979,1.3345611987983315,1.1570499306848294,4.4126049878482725,9.107156109978103,-0.03134303973906327,5.342059703602228
6.888946965085072,8.999601173788065,0.9991074191388645,1.1874182239585682,2.8228129800746036,4.610984579046011,1.2484362702493232,8.973408059679464
6.208974775499588,4.3525895742850516,1.6496603800275018,1.7956923414796062,3.2482641784403405,14.72490114468172,1.1921851104625922,6.2790450615580795
6.693489318521092,15.826924182073277,1.7302317837200754,1.7402656656418873,2.7863266545420515,8.27762569390833,2.101455376006861,16.75584050691785
6.007421327836731,11.42774028659569,1.0967904780093143,0.7528876842543326,4.355795122470731,11.796081574425237,1.4523919334553046,10.645737442841309
5.725861960519413,7.4518530919733195,2.1241658082310835,1.3681266651177566,3.376875250303357,9.905862045815287,2.2729945148600645,8.996173195620411
6.42118676758918,18.57720881405056,1.132309343584124,1.1085372916743488,3.8116720383132847,11.69120035405199,1.4423419573227072,8.77823279436419
5.754189314829837,9.95998462290003,1.271058642918744,1.3509532958563781,1.9419080248017195,17.039040041955406,1.4005554486341634,10.617764754707476
6.013220588117733,15.782911828658357,1.794347388413028,1.2550945966020262,3.1720635426257484,11.76029205397925,0.9545833045647658,13.119854706311045
6.31098882511213,10.962503853378767,1.45643417879762,1.2631594902635914,2.1023270482402516,7.5593715508512,1.5027384718823757,5.932069072951627
7.6355852571005265,10.506391479730318,1.541080759335852,1.4132900973174447,2.258541652569262,9.85773957306493,1.7124569757506833,2.775445052148603
6.459553855121133,7.512781507636149,0.9565096337754877,2.215020001226904,3.271522233288909,9.172639974195722,2.0956056269583634,8.309544572000974
6.925090600388671,8.41014690054725,1.3065931359476046,1.2946943187609339,3.435748870005554,9.67290041714806,1.1976872559495355,8.64141368448734
6.4058876014366035,7.817002068391574,0.8925315418992792,1.1891019541992858,2.9759747857802417,3.9706542657647113,1.7113307889330365,10.49269610683232
7.26725490834421,1.7673633911645243,1.4798395666031308,2.0573387206086,3.4385492929715475,13.539351588034538,1.5321364242970912,8.252211134549533
6.162587224192134,3.6127350083297394,1.9067814824516311,1.4232973650038616,2.4869453362113845,4.038620314135539,1.3205530692043048,11.04894928212643
6.970628559279707,5.730174860579687,2.289010093470951,2.018209583171606,3.0334004764394855,11.852853539664444,1.6214647937794435,7.979251397559661
6.028636676264263,6.83452321332749,1.2418574919502046,1.340195204901768,3.2669892429760115,10.149575186784748,1.5190015936247203,6.440358549616413
6.116983754881488,5.091816867866864,1.5292319221275061,1.7935777732112683,2.657785021695185,15.327947146000348,1.7286774445056086,10.105974908417284
5.41403656556777,5.867847564283981,1.491866746923174,1.5770578197972878,4.62011338616616,12.97160625053764,1.152744012375246,7.3209959352928
5.562431549529972,6.32879347557548,1.7115932501821511,2.0415273200432296,3.6804452624888135,5.325671796720169,1.7390507335396883,12.069027249603561
6.296456262978371,6.231816438371919,1.7696559165605823,1.4599495788908392,2.6608918967693764,9.02144839881661,1.5454362536181758,13.57469735125295
6.165065749353818,5.106289345652357,0.9845007806626196,1.8104990366046092,4.129609225179458,17.04914909983513,1.9311908789305434,11.599710345433
5.83805965279516,6.173235471729512,2.352232561546291,1.7621175406011123,3.672239319129572,4.588050958034778,1.4557950059150286,10.232970798465718
5.29419459559422,6.056319840686559,1.0322719571539487,0.9209166039276884,2.7400926238029957,11.988725142256563,0.8420519637086716,10.906867144408888
6.023461548995304,6.731812787914141,1.0744650313763735,1.4660390200530085,3.472879816547362,7.5814979641516445,1.7328860994878195,10.841956679583689
5.229538494545004,5.238819693004842,1.6489436811898752,1.4425411730510493,3.685014268367979,12.906203658070961,1.7652090203713904,8.496811682095988
6.116832868379323,6.435998330612755,1.3019057944601435,1.6518779520258366,3.4694410592750806,1.8279679197820418,1.7745533580862833,6.570721856313604
6.112763953479256,5.094463729653608,1.6396680343717236,1.8809094452436206,2.618694747690345,1.2849234805706846,1.4790824308885107,12.71605316541601
5.212697118505513,6.2394851075829045,1.4949532192076163,0.9138599936459304,2.7734913636973957,1.7544235736701754,1.2196473445712357,16.28897737364643
5.261518134634283,6.2343844671392645,2.719459282645742,2.0093706074356703,3.3294418308845675,1.7909678397075943,1.5641490518015644,12.791571252827001
6.230346720934548,6.26788900639815,1.9325787622901913,1.7130191954928407,3.3696985258407928,1.5512786314159115,2.059122974372796,5.068727310000334
5.435424770705421,7.155858535083219,2.1179335637638648,1.238927679939696,1.6572377834140504,1.5218388326239722,0.2700254618181681,11.930348413929583
5.95136224113573,7.0440319130646145,1.6480506763598282,1.7534422601689084,4.255194542020249,1.7002865200963644,1.5916098351818366,9.104092834076944
8.250312345648982,5.006021340906628,1.9358827549849842,0.7902497890717424,4.417272268490667,1.4391597199838113,1.6117533332573206,14.520467092309268
7.33494442662904,5.563462788295201,1.8157473528649248,1.1289931880988302,3.1993007212583233,1.3891170374108874,1.2459587638112382,9.599281386556623
5.391854126873682,5.876651866355331,1.7055691153103005,1.1093026325880952,3.865028259986971,0.8704069439191215,1.7142518553086994,10.588356602245081
